{
  "training_date": "2026-05-15T16:19:18.729060",
  "epochs_trained": 256,
  "train_mse": 20.707012176513672,
  "val_mse": 20.241586685180664,
  "test_mse": 23.049890518188477,
  "test_mae": 3.7644600868225098,
  "correlation": 0.9864826639234218,
  "model_target": "r>0.7 with self-reported focus",
  "architecture": {
    "input": 8,
    "hidden1": 32,
    "hidden2": 16,
    "output_0_to_100": true
  },
  "dataset": {
    "total": 10000,
    "train": 8000,
    "val": 1000,
    "test": 1000
  },
  "models": {
    "clsmdl": {
      "path": "C:\\projects\\Cognitive\\cognitive_server\\ml\\model.clsmdl",
      "size_kb": 3.30078125
    },
    "tflite": {
      "path": "C:\\projects\\Cognitive\\cognitive_server\\ml\\model.tflite",
      "size_kb": 5.35546875
    }
  }
}