{
  "training_date": "2026-05-15T15:44:08.655574",
  "epochs_trained": 211,
  "train_mse": 19.74603843688965,
  "val_mse": 21.15410614013672,
  "test_mse": 21.84830665588379,
  "test_mae": 3.6287617683410645,
  "correlation": 0.9870893035552766,
  "model_target": "r>0.7 with self-reported focus",
  "architecture": {
    "input": 8,
    "hidden1": 32,
    "hidden2": 16,
    "output_0_to_100": true
  },
  "dataset": {
    "total": 10000,
    "train": 8000,
    "val": 1000,
    "test": 1000
  },
  "models": {
    "clsmdl": {
      "path": "C:\\projects\\Cognitive\\cognitive_server\\ml\\model.clsmdl",
      "size_kb": 3.30078125
    },
    "tflite": null
  }
}